,daily_rainfall_total,highest_30_min_rainfall,highest_60_min_rainfall,highest_120_min_rainfall,mean_temperature,maximum_temperature,minimum_temperature,mean_wind_speed,max_wind_speed,rain_binary
2008,0,0,0,0,25.8,27.2,24.7,11.5,32.8,0
2009,0,0,0,0,26.6,29.5,24.7,13.9,38.2,0
2010,0,0,0,0,26.8,30.3,24.2,13.2,36.4,0
2011,0,0,0,0,27.1,31.1,24.6,12.1,34.2,0
2012,0,0,0,0,27.5,31.8,24.5,9.9,30.2,0
2013,41.8,23.6,27.8,29.4,26.7,32.2,24.3,8.8,36.7,1
2014,7.8,5.4,5.8,6.6,26,30.7,24.8,8.1,27.4,1
2015,6.4,1.8,2.8,4.4,25.8,30,24.3,8,33.8,1
2016,0.6,0.2,0.2,0.2,24.6,26.2,23.7,9.9,29.9,1
2017,1.6,1.6,1.6,1.6,25.9,32.8,23.5,9.9,27.4,1
2018,0.4,0.4,0.4,0.4,26.5,29.8,24.6,11.2,35.6,1
2019,0,0,0,0,27.3,30.6,25.3,16.4,41.8,0
2020,0,0,0,0,27.1,31.2,24.6,15.9,41.4,0
2021,0,0,0,0,27,30.9,24.6,16,44.6,0
2022,0,0,0,0,27,31,24.7,15.5,42.5,0
2023,0,0,0,0,26.4,30.4,23.6,13.8,39.2,0
2024,0,0,0,0,26.5,30.9,23.5,14.1,37.1,0
2025,0,0,0,0,26.4,30.1,24,15,42.5,0
2026,0,0,0,0,26.3,30.5,23.7,14.6,38.9,0
2027,0,0,0,0,26.2,29.9,23.6,14.4,41,0
2028,16,12.8,15.6,15.8,26.1,30.2,24.2,12.8,40.3,1
2029,0,0,0,0,26.4,29.3,24.3,14.5,40.7,0
2030,0,0,0,0,26.1,29.4,23.7,14.7,44.3,0
2031,0,0,0,0,26.2,29.9,24.4,12.7,37.1,0
2032,0,0,0,0,26.2,29.8,24,12.9,36.4,0
2033,0,0,0,0,26.5,30.5,24.2,13.5,37.4,0
2034,0,0,0,0,26.8,30.8,23.9,13.2,34.6,0
2035,1.8,1.6,1.6,1.8,26.5,31.8,23.5,10.6,32.4,1
2036,0,0,0,0,26.2,28.9,24.5,13.1,31.7,0
2037,0,0,0,0,26.5,30.1,24.5,12.9,39.6,0
2038,0,0,0,0,26.9,31.3,24.6,15.7,43.6,0
2039,0,0,0,0,26.2,30.4,23.4,13.9,48.6,0
2040,0,0,0,0,25.9,28.4,23.9,10.9,41.8,0
2041,0,0,0,0,25.8,28.8,24,12.3,34.9,0
2042,7,5.2,6.4,7,25.1,27.1,23.1,11.5,34.2,1
2043,0,0,0,0,26.3,29.8,24.5,16.5,50.4,0
2044,14,6.6,7.2,10.6,25.7,29.3,23.6,14.8,48.6,1
2045,0,0,0,0,26,29.3,24,15.5,48.6,0
2046,0,0,0,0,25.9,29.4,23.5,15.9,42.1,0
2047,0,0,0,0,26.2,29.7,24.3,17.2,50.8,0
2048,0,0,0,0,0,0,0,0,0,0
2049,0,0,0,0,0,0,0,0,0,0
2050,0,0,0,0,0,0,0,0,0,0
2051,0,0,0,0,0,0,0,13.7,0,0
2052,0,0,0,0,26.1,30.2,23.3,14,37.8,0
2053,0,0,0,0,26.7,32.2,23.5,12.9,33.8,0
2054,0,0,0,0,27.1,32,23.9,14.7,39.2,0
2055,0,0,0,0,27,31.3,24.5,15.6,38.9,0
2056,0,0,0,0,27.2,31.8,23.9,12.5,40.3,0
2057,1.4,0.8,1,1,26.4,31.7,23.4,13.3,42.5,1
2058,0,0,0,0,27,31.6,24.5,14.7,37.1,0
2059,0,0,0,0,26.8,31.4,24.1,13.6,34.2,0
2060,0,0,0,0,26.7,31.1,24,13.5,37.4,0
2061,42.6,19.4,30.2,42.6,26.8,34.1,23.6,10.4,38.9,1
2062,0.2,0.2,0.2,0.2,26.9,29.6,24.7,12.9,35.3,1
2063,0,0,0,0,27.3,32.7,24.7,11.7,38.2,0
2064,0,0,0,0,27,30.8,24.6,12.3,33.1,0
2065,0,0,0,0,27.4,32.3,24.4,14.5,40.3,0
2066,0,0,0,0,27.8,32.8,24.7,14.4,38.5,0
2067,0,0,0,0,28,32.8,25,12.6,38.9,0
2068,0,0,0,0,27.5,32.3,24.8,10.7,41.4,0
2069,0,0,0,0,27.8,32.1,25.3,10.7,36.4,0
2070,0.2,0.2,0.2,0.2,27.5,33.5,25.5,10.2,34.2,1
2071,0,0,0,0,27.6,33.2,24.6,10.6,34.6,0
2072,0,0,0,0,27.7,32.5,24.4,9.4,29.9,0
2073,0,0,0,0,28,32.4,25,13,36,0
2074,0,0,0,0,27.8,33.5,25.3,8.8,36.4,0
2075,3.2,2.4,2.4,3,27.1,31.3,25.1,11.5,43.6,1
2076,0,0,0,0,27.5,31.9,24.4,11.6,46.1,0
2077,8.4,2.8,3.2,4.6,25.4,26.9,24.3,10.1,34.6,1
2078,0,0,0,0,27.1,30.9,24.9,10.8,36.4,0
2079,0,0,0,0,27.2,32.2,24.4,12.2,33.8,0
2080,0,0,0,0,27.4,32.9,24.4,10.9,30.6,0
2081,0,0,0,0,27.4,31,24.9,11.6,31,0
2082,1.6,0.8,1.6,1.6,27.3,33.9,25.6,8.5,31,1
2083,2.6,1.6,2.6,2.6,28,33.3,25.5,11,27.4,1
2084,0,0,0,0,28.3,34.5,25.9,11.7,35.6,0
2085,26.6,19.6,25,26.6,28,33.9,26.2,10.7,33.8,1
2086,0.2,0.2,0.2,0.2,28.3,33.1,24.7,8.5,38.2,1
2087,16.4,15.2,16.2,16.4,27.9,35,24.9,8.6,45.4,1
2088,37.4,21.8,32.6,37.4,26.9,32.6,23.1,8.3,57.6,1
2089,0,0,0,0,28,33.9,25.2,11.1,33.5,0
2090,0,0,0,0,27.9,31,25.9,12.8,35.6,0
2091,0,0,0,0,28.4,32.7,26.1,15.8,45.7,0
2092,0,0,0,0,28.4,31.9,26.1,15.7,46.4,0
2093,0,0,0,0,28.4,32.2,26,14.7,42.1,0
2094,3,2.8,3,3,27.6,30.2,26.2,11.7,42.8,1
2095,4.8,2.6,2.8,4.6,26.7,29.6,25,8.8,42.8,1
2096,0,0,0,0,28.2,32.5,25.6,11.8,36,0
2097,34.2,20.2,20.6,21.8,27.3,32.9,24.8,7.4,38.5,1
2098,0.2,0.2,0.2,0.2,27.6,31.7,25.5,5.1,28.1,1
2099,7.6,7.2,7.4,7.6,27.7,29.8,25.2,6.6,32.8,1
2100,87.2,28.2,50.4,80.8,26.8,29.5,23.6,5.7,38.9,1
2101,0,0,0,0,27.4,32.6,25.1,5.2,34.2,0
2102,0,0,0,0,28.5,33.5,25.1,5.8,24.5,0
2103,0,0,0,0,28.8,33.8,26.5,6.3,25.6,0
2104,8,6,8,8,28.3,31.6,26.5,6.3,30.2,1
2105,4.4,3.4,3.6,3.6,28.3,31.4,26.5,6.1,34.2,1
2106,0,0,0,0,29.2,33.1,26.2,6.5,30.2,0
2107,0,0,0,0,29.2,33.8,27.4,6.9,26.6,0
2108,0,0,0,0,29.9,33.4,27.3,9.3,27,0
2109,18,12.2,17.8,17.8,28.9,32.1,25.3,7,36,1
2110,8.8,3.6,4.2,4.4,28,31.1,26,5.9,33.8,1
2111,1.2,1,1,1.2,28.2,33.5,25.2,6.7,36,1
2112,0.4,0.2,0.2,0.2,27,29.7,26,4.3,27,1
2113,13.6,13.2,13.6,13.6,28,31.9,25.8,4.8,28.8,1
2114,8,6.6,7.4,8,28.5,33.9,25.8,6.2,34.9,1
2115,33,26.4,29.8,32.6,27.9,31.7,25.2,4.7,33.8,1
2116,2.2,1.8,2,2,28.6,34,26.2,5.5,29.2,1
2117,38,19.6,21.4,23.2,27.5,31.7,25.4,6,37.1,1
2118,0.4,0.2,0.2,0.4,28.9,33.3,25.7,6.3,26.3,1
2119,0.8,0.8,0.8,0.8,28.8,32.7,27.1,5.6,30.6,1
2120,5,1.6,2.6,4,26.8,28.3,25.2,6.1,30.6,1
2121,0,0,0,0,28.9,33.4,26.3,5.8,23.4,0
2122,18.4,11.8,17.4,18.4,27.9,31.7,25.9,5,23,1
2123,5.8,5.4,5.4,5.4,27.8,32.9,24.9,6.6,28.8,1
2124,0,0,0,0,28.2,32.6,24.9,6,30.2,0
2125,0,0,0,0,28.9,32.4,26.1,5.5,20.9,0
2126,0.4,0.4,0.4,0.4,29.8,33.4,27,6.8,31,1
2127,0,0,0,0,30,34.3,27.2,8.8,34.9,0
2128,0,0,0,0,29.1,33.1,26.1,5.5,32.8,0
2129,0,0,0,0,28.9,34.2,26,5.6,22.3,0
2130,5.2,5.2,5.2,5.2,28.6,35.1,25.4,8.2,36.7,1
2131,0,0,0,0,28.8,33.1,25,6.4,21.6,0
2132,0.6,0.6,0.6,0.6,28.8,33.5,26.4,6.6,24.5,1
2133,0,0,0,0,28.4,34.8,25.8,4.8,28.4,0
2134,6.6,4.8,6.6,6.6,27.5,32.3,25.1,5.2,37.8,1
2135,2.8,1,1.8,2.4,27.7,30.8,25.7,4.3,19.1,1
2136,0,0,0,0,28.3,31,26.1,5.3,28.4,0
2137,0,0,0,0,27.5,29.8,25.8,8.3,31.7,0
2138,0.2,0.2,0.2,0.2,29,32.4,26.8,6,23.4,1
2139,5.4,5.4,5.4,5.4,27.9,32.6,25.3,5.5,40,1
2140,11.8,7.2,8.6,9,26.4,28.7,24.4,5.1,47.2,1
2141,0,0,0,0,28,31.7,25.8,6.2,20.5,0
2142,10.4,6.8,8.2,10.2,26.3,28.1,24.2,8.2,42.8,1
2143,0,0,0,0,27.9,31.1,25.7,4.7,28.4,0
2144,13.4,11.6,12.4,12.4,26.9,29.7,23.4,4.9,40,1
2145,5.6,4.2,4.2,5.6,27.5,30.7,25.2,5.2,32,1
2146,0,0,0,0,29.2,32.9,26.6,6.2,22.7,0
2147,0,0,0,0,29.2,32,27.1,6.9,28.4,0
2148,0,0,0,0,29.7,33.2,27.3,6.9,27,0
2149,0,0,0,0,30,33.8,27.9,6.9,27.4,0
2150,0,0,0,0,30.1,33.5,27.7,7,25.2,0
2151,0,0,0,0,29.9,33.3,27.9,7.4,30.2,0
2152,0,0,0,0,29.8,32.9,27.6,7.6,32.4,0
2153,0,0,0,0,29.7,32.6,27.6,7.4,26.3,0
2154,0,0,0,0,29.7,33.1,27.6,8.1,26.3,0
2155,0,0,0,0,29.9,33.4,27.3,7.5,25.2,0
2156,0,0,0,0,29.9,33.2,27.8,7.7,29.5,0
2157,0,0,0,0,30,33.8,27.2,6.3,25.9,0
2158,0,0,0,0,30.1,34,26.8,6.4,23.8,0
2159,0.2,0.2,0.2,0.2,28.2,30,24.1,6,43.2,1
2160,4,4,4,4,28.9,32.2,26.7,5.8,31,1
2161,0,0,0,0,29.2,32.4,27.1,7.3,28.1,0
2162,16.2,12,14,15.8,27.4,29.1,23.5,6.9,54,1
2163,0,0,0,0,29.4,33.6,26.7,7,28.4,0
2164,0,0,0,0,29.3,32.2,27.3,7.4,28.1,0
2165,0,0,0,0,29.3,31.9,27.5,7.2,25.6,0
2166,4.4,4.4,4.4,4.4,28.5,32.3,23.8,6.2,58,1
2167,0,0,0,0,29.2,32.4,26.6,7.2,40.3,0
2168,0.6,0.4,0.4,0.6,28.9,31.2,25.5,7.1,37.4,1
2169,0.2,0.2,0.2,0.2,29.3,32.8,26.5,6.4,31.3,1
2170,0,0,0,0,29.4,33.2,27.3,7.5,26.3,0
2171,0,0,0,0,29.2,31.5,27.8,7.7,27,0
2172,27.6,20.6,27,27.4,28.2,32.1,22.8,7.9,55.1,1
2173,0,0,0,0,29.2,32.5,27.3,5.9,21.2,0
2174,0.2,0.2,0.2,0.2,28.9,32.6,27.2,6.9,36.4,1
2175,16.4,10,10.2,10.2,28.2,31.7,24.8,7.2,45.7,1
2176,6.4,4.8,6,6.2,29.3,32.8,26.7,8.5,34.2,1
2177,0,0,0,0,29.6,32.8,27.4,6.8,29.9,0
2178,0,0,0,0,29.5,33.2,27.3,7.5,36,0
2179,4,3.6,3.8,4,29,33.9,26.3,7.7,32,1
2180,0,0,0,0,29.5,33.7,26.2,10.3,32.8,0
2181,0,0,0,0,29,32.8,27.6,9.6,31,0
2182,0.4,0.2,0.2,0.2,28.5,33.5,25.3,8,43.9,1
2183,0,0,0,0,29.6,34.1,25.7,7.1,28.8,0
2184,13.4,9.8,9.8,9.8,28.3,32,24.8,6.8,52.9,1
2185,0,0,0,0,28.4,31.8,25.2,7,37.8,0
2186,40.4,25,34,34.2,28,31.3,24,8.7,37.8,1
2187,0,0,0,0,29,32.6,26.9,10.4,33.5,0
2188,2.6,2.6,2.6,2.6,28,32.8,25.8,5.3,31.3,1
2189,39.2,28.4,36,38.8,26.5,32.1,23.2,5.5,39.6,1
2190,1.6,0.6,0.8,1,26.7,30.3,23.5,7.5,26.3,1
2191,0,0,0,0,28.9,33.1,25.6,6.3,29.5,0
2192,6.2,2.4,3.6,4.4,26.3,28.5,23.9,6.4,35.6,1
2193,10.8,4.2,6.8,9.4,27.1,30.8,24.1,5.5,26.3,1
2194,0,0,0,0,28.4,32,26.6,6.2,25.6,0
2195,15,10,14.2,14.8,26.9,30.3,24.4,5.9,42.5,1
2196,7,6.8,7,7,27,30,24.2,5.1,37.8,1
2197,0.2,0.2,0.2,0.2,28,31.3,25.1,5.7,23.8,1
2198,10.4,9,10,10.2,27.3,30.8,23.2,7.3,63.4,1
2199,0,0,0,0,28.9,31.9,26.6,8.6,34.2,0
2200,12.4,7.4,7.6,7.6,27.9,31.8,26.1,6.4,43.9,1
2201,0.8,0.4,0.4,0.4,26.6,27.9,25.1,6.4,26.6,1
2202,0,0,0,0,28.4,32.7,25.9,8,37.1,0
2203,0,0,0,0,29,32.4,26.6,7.7,31.7,0
2204,0,0,0,0,29.1,32.8,27.2,9.7,33.8,0
2205,0,0,0,0,28.8,32.3,27.3,8.4,44.3,0
2206,0.8,0.8,0.8,0.8,28.7,31.6,26.5,7,42.5,1
2207,0,0,0,0,29.2,32.9,26.8,7.8,29.5,0
2208,0,0,0,0,29.3,32.8,26.8,6.7,28.4,0
2209,0,0,0,0,29.4,32.4,27.2,6,32.8,0
2210,16.8,10.6,16.4,16.8,28.2,31.4,24.9,6.9,29.2,1
2211,0,0,0,0,28.9,32.4,26.6,6.4,33.5,0
2212,0,0,0,0,29,32.6,27.2,10,33.1,0
2213,0,0,0,0,28.9,31.6,27.4,7.7,27.7,0
2214,1,0.6,0.8,1,27.7,31.2,25.7,6.4,36.7,1
2215,0,0,0,0,28.3,32.2,25.9,6.4,26.6,0
2216,0,0,0,0,28.6,32.6,25.4,9.6,29.9,0
2217,0,0,0,0,29,32.8,26.2,10.2,32.8,0
2218,0,0,0,0,29.7,33.4,27.8,10.1,32.8,0
2219,0,0,0,0,29.4,32.6,27.1,7.9,32.4,0
2220,0,0,0,0,29.3,32.9,27.2,10,37.8,0
2221,0,0,0,0,29.3,33,26.8,7,28.4,0
2222,0,0,0,0,29.2,33.2,26.9,8.9,32.4,0
2223,2.4,2.4,2.4,2.4,28.9,32.3,27.3,10.1,37.1,1
2224,5,5,5,5,28.3,31.5,25.9,6.6,38.9,1
2225,0,0,0,0,28.9,33.9,25.3,5.8,26.3,0
2226,0,0,0,0,29.4,33,26.8,6.1,25.6,0
2227,0,0,0,0,29,32.6,26.2,6.2,24.8,0
2228,0,0,0,0,28.9,32.3,26.8,6.7,29.5,0
2229,41,28.6,36.6,40.8,26.2,30,22.8,6.2,52.6,1
2230,0,0,0,0,27.3,30.6,24,5.2,24.8,0
2231,0,0,0,0,28.8,33.1,25.2,7.4,27.4,0
2232,0,0,0,0,28.8,32,26.6,6.5,28.1,0
2233,0,0,0,0,29.2,32.8,26.9,5.8,21.6,0
2234,0,0,0,0,28.7,31.6,27.2,6.5,24.8,0
2235,5.6,3.2,3.6,3.8,26.4,29.5,24.4,5.7,45,1
2236,4.8,4.2,4.4,4.8,27.1,30.3,24.7,6.1,34.6,1
2237,0,0,0,0,28.8,32.1,26.7,5.8,26.6,0
2238,0,0,0,0,28.9,32,27.3,11.5,29.9,0
2239,0,0,0,0,28.9,32.5,27.1,11.9,35.6,0
2240,13,11,13,13,28.6,33.3,26.2,6.6,29.9,1
2241,72.2,29,49.2,71.6,27.9,33,23.1,5.6,40,1
2242,0,0,0,0,28.2,32.3,25,6.5,31,0
2243,0,0,0,0,28.3,30.9,26.3,7.8,29.2,0
2244,0,0,0,0,28.3,32.2,25.7,6,25.2,0
2245,0,0,0,0,28.9,32.5,26.4,5.7,25.6,0
2246,0,0,0,0,29,33.4,25.5,7,27.4,0
2247,0,0,0,0,29.2,33.3,26.3,5.2,22.7,0
2248,3.6,1.4,2,3,27.6,30.7,24.3,6.1,36,1
2249,0,0,0,0,28.2,31.7,24.9,5.7,26.3,0
2250,9.8,9.2,9.6,9.6,27.8,32.3,24,6.5,42.1,1
2251,0,0,0,0,28.3,33,25.5,6.3,29.5,0
2252,14.2,8.6,9.6,10.2,27.3,32.3,23.7,7.1,37.1,1
2253,0,0,0,0,28.4,31.7,25.5,5.6,21.6,0
2254,0,0,0,0,29,32.3,26.6,6.6,29.2,0
2255,0,0,0,0,28,31.3,26.2,5.3,32,0
2256,0,0,0,0,27.7,32.5,25.6,6.7,23.8,0
2257,13.4,13,13,13,27.6,32.3,24.9,5.7,34.6,1
2258,0.2,0.2,0.2,0.2,27.7,33.5,25.3,5.2,31.3,1
2259,0,0,0,0,29,33.8,24.8,5.4,22.3,0
2260,0,0,0,0,29.3,33.6,25.7,5.5,24.1,0
2261,0,0,0,0,29.7,33.9,27,8.4,24.5,0
2262,0,0,0,0,29.4,34.2,26.9,6.9,31,0
2263,0,0,0,0,28.9,34,25.8,7.8,38.5,0
2264,0,0,0,0,28.7,33.1,26.5,7.4,36.4,0
2265,0,0,0,0,29.2,33.7,25.9,7.1,23.8,0
2266,0,0,0,0,29.1,33.2,25.9,7.1,23.4,0
2267,0,0,0,0,29.5,33.6,26.6,6.4,24.5,0
2268,0,0,0,0,29.4,32.7,26.4,5.7,22,0
2269,0,0,0,0,29.7,33.4,26.4,5.8,25.6,0
2270,0,0,0,0,29.4,33.3,26.1,6.3,27,0
2271,0,0,0,0,29.3,33,25.4,8.7,33.1,0
2272,0,0,0,0,29.6,33.5,27.2,6.8,24.1,0
2273,0,0,0,0,29.7,33.9,27.7,8.7,27,0
2274,9.8,9,9,9,28.7,31.7,25.4,8.4,38.2,1
2275,0,0,0,0,28.2,31.5,26.2,5.8,25.6,0
2276,0,0,0,0,28.9,34,26.7,7.7,23.8,0
2277,0,0,0,0,28.4,33.1,25.6,6.1,28.4,0
2278,17,9.4,12,15,26.5,30.8,22.2,8.8,55.8,1
2279,0,0,0,0,28.3,32.6,24.6,10,32.8,0
2280,30.8,29.8,30.8,30.8,27.3,33.9,23.5,6,27.7,1
2281,0.2,0.2,0.2,0.2,26.9,31.6,25.2,6.2,23,1
2282,13.8,13.6,13.6,13.6,26.9,33.6,24.5,5.4,38.9,1
2283,18.8,13.2,17.2,18.8,26.5,32.8,23.8,7.3,25.6,1
2284,6.4,6,6,6,27.4,34.1,24.7,6.6,45.4,1
2285,0,0,0,0,27.4,32.4,25,6.3,26.3,0
2286,0,0,0,0,28.4,32.6,25.3,6.4,23.8,0
2287,0,0,0,0,28.5,32.5,26.5,7.2,26.6,0
2288,33.8,26.4,33,33.8,27.3,32.6,23.2,6.8,48.6,1
2289,5.8,4.8,5,5,26.8,31.6,24.7,4.6,21.6,1
2290,0.4,0.2,0.2,0.2,27.8,31.7,24.5,6,21.6,1
2291,0.4,0.4,0.4,0.4,27.7,33.9,25.7,6.3,27,1
2292,27.4,20.6,25.8,27.4,26.5,33.1,24.3,6,47.2,1
2293,19.6,14.6,16.2,19.4,27,32.2,24.9,6.8,39.6,1
2294,0.2,0.2,0.2,0.2,27.1,30.2,25.1,5.7,26.3,1
2295,0,0,0,0,28.5,33.1,25.4,8.6,33.8,0
2296,6.2,5.4,5.6,5.8,27.3,30.3,24.4,5.9,37.4,1
2297,38.8,24.2,34.2,35.8,25.6,30.1,23.1,6.4,35.3,1
2298,16.4,8.6,11.8,15.6,26.8,32,23.2,6.8,27.4,1
2299,0,0,0,0,28.1,32.3,25.2,9.6,31.3,0
2300,1.2,1.2,1.2,1.2,28,32.8,24.9,6.4,45,1
2301,12.6,8.4,12.4,12.4,26.6,31.3,24.8,5.6,40,1
2302,38.8,28,33,35.4,26.6,32.3,23.9,5.4,31,1
2303,0,0,0,0,27.8,31.2,25.1,5.9,27,0
2304,0.2,0.2,0.2,0.2,28.2,34,25.6,6.7,26.6,1
2305,44.4,24,30.4,42.4,26.2,29.7,24,5.2,35.3,1
2306,0.8,0.6,0.8,0.8,26.9,32.4,24.7,5.7,32.8,1
2307,11.8,7.8,9,9,26.3,30.7,24.4,9.3,32.8,1
2308,8.4,5.4,5.4,8.4,26.8,30.5,24.5,6.8,20.2,1
2309,1.8,1.4,1.4,1.4,28,34.2,25.2,7,34.2,1
2310,1,0.8,0.8,0.8,28,32.9,24.9,7.5,30.2,1
2311,42.2,25,27,29.6,27,31.4,24.3,6.9,29.5,1
2312,27.2,12.2,14.6,22,26,31.1,23.4,7.6,50,1
2313,0,0,0,0,26.9,31.9,25.1,6.8,32,0
2314,0,0,0,0,28.2,32.6,25.3,8.7,33.1,0
2315,15,14.6,14.8,14.8,28,32.9,25.6,6.6,36.4,1
2316,48.2,24.2,26.6,43.6,27,32.8,23.8,6.8,34.9,1
2317,2.6,1.8,1.8,1.8,27.1,31.8,25.3,7.4,40.7,1
2318,0,0,0,0,28.1,31.9,25,11.7,37.1,0
2319,16.8,13.6,13.6,13.6,27.4,32.4,24.5,5.7,55.4,1
2320,2.4,1,1.2,1.6,27.7,32.4,24.6,7.4,27,1
2321,22.6,10.2,13.4,13.6,27.3,33.7,24.1,7.1,34.2,1
2322,5.2,4.6,5,5.2,27,30.7,24.7,5,32.4,1
2323,42.6,19.6,36.8,38,26.4,32.1,24.6,6.1,40.7,1
2324,14.2,5.6,5.8,5.8,25.3,29.1,23.7,6.8,23.8,1
2325,15.8,14.8,14.8,14.8,26.7,31.3,23.8,5.3,33.5,1
2326,0,0,0,0,27.1,29.4,25.4,7.4,24.8,0
2327,1,1,1,1,27.3,29.7,23.8,8.4,51.5,1
2328,0,0,0,0,27.2,29.6,25.7,11.1,47.5,0
2329,3.4,3,3.2,3.2,27.1,29.7,23.8,11.8,56.5,1
2330,0,0,0,0,28,32,25,11.9,36.7,0
2331,0,0,0,0,28.2,31.9,24.9,8.4,33.1,0
2332,0.2,0.2,0.2,0.2,28.6,33.5,25.8,7.4,29.2,1
2333,0,0,0,0,28.9,33.4,26.1,8.1,32,0
2334,9.4,8.8,9,9.4,28.1,32.4,23.3,8.3,37.8,1
2335,13,4.8,8.4,12.2,26.4,28.1,24.3,7.6,29.9,1
2336,6,6,6,6,27.4,31,24.8,11.4,51.1,1
2337,0,0,0,0,28,31.9,25.7,12.5,43.9,0
2338,0,0,0,0,28,31.3,25.2,11,34.6,0
2339,2.8,2.8,2.8,2.8,28,32,25.7,10.3,39.2,1
2340,21.2,13,14,14.2,25.7,28.3,23.7,11.7,43.6,1
2341,0,0,0,0,27.7,31.6,25.2,14.9,44.6,0
2342,0.8,0.4,0.4,0.4,26.7,30.1,25.2,11.4,42.5,1
2343,10.4,5.4,6.2,6.8,26.6,28.5,24.5,10.1,41.8,1
2344,13,9.2,11,11.2,25.7,27.9,23.1,7.9,49.3,1
2345,0.2,0.2,0.2,0.2,25.8,26.7,25.3,7.9,28.4,1
2346,0.4,0.2,0.4,0.4,27.6,31.1,25.2,11.2,34.2,1
2347,0,0,0,0,28.3,31.9,25.8,12.6,34.6,0
2348,0.4,0.4,0.4,0.4,28.2,31.7,26.2,12.6,37.4,1
2349,0,0,0,0,28.2,32.4,25.7,14,37.4,0
2350,0,0,0,0,28.1,31.9,25.6,13,43.9,0
2351,0,0,0,0,28.2,32.3,25.7,12.6,39.2,0
2352,0,0,0,0,28.4,32.7,26.1,11.2,36.4,0
2353,33.8,22.4,33.8,33.8,28,32.2,24.4,8.6,29.2,1
2354,0,0,0,0,28.5,32.1,26,12.6,35.3,0
2355,0,0,0,0,28.4,32.5,26.3,12.2,36.4,0
2356,1.6,1.4,1.4,1.4,28.3,31.4,26.4,10.1,29.9,1
2357,16.6,7.4,10,10.8,27.2,30.3,24.8,5.8,20.5,1
2358,2,1.4,1.4,2,27.2,32.7,25.2,5.4,31.7,1
2359,20.8,8.2,14.4,19.4,26.7,31.2,23.8,6.5,38.9,1
2360,14,13.8,14,14,27.9,34.4,25,6.1,26.3,1
2361,0,0,0,0,28.2,31.5,26.1,10.8,35.3,0
2362,0.4,0.4,0.4,0.4,28.2,31.5,26,7.9,31.7,1
2363,0.4,0.4,0.4,0.4,27.9,30.3,26.5,10.4,32.8,1
2364,28.2,13.8,19.6,21.8,27.6,31.4,26.1,8.3,33.5,1
2365,6.6,6.2,6.4,6.4,27.8,32.3,25.7,11.5,43.6,1
2366,0,0,0,0,28.4,31.9,26,15.8,51.8,0
2367,5,5,5,5,27.4,31.3,25.3,14,64.4,1
2368,7.4,6.6,6.6,6.6,27.1,29.5,25.1,11.9,40.7,1
2369,0.2,0.2,0.2,0.2,28.2,31.4,25.7,13,40.7,1
2370,5.4,3.2,4.6,5,27.6,32.6,25,9.7,30.2,1
2371,0,0,0,0,27.7,31.5,25,10.1,39.6,0
2372,0,0,0,0,28.4,33,25.9,11.5,33.8,0
2373,7.6,5.8,5.8,6.8,28,31.8,25.9,10.4,38.5,1
2374,0,0,0,0,28.5,32.4,25.7,14,43.2,0
2375,6.6,3.8,4.8,6.4,27.4,30.8,24.3,11.5,40.7,1
2376,0,0,0,0,28.2,32.6,25.6,10.1,36.7,0
2377,4.2,2.2,2.8,4.2,27.4,30.5,26,8.6,27,1
2378,3,2,2,2.8,27.6,31.6,25.7,6.8,25.2,1
2379,2.6,1.2,1.2,1.2,28,31.4,26.1,14.8,44.6,1
2380,33.6,19.4,24.2,27.4,26.4,28.1,24,18,56.2,1
2381,0,0,0,0,26.8,28.3,25.9,16.6,52.2,0
2382,0,0,0,0,26.5,28.5,25.2,9.7,27.7,0
2383,7.6,2.8,5,7.6,26.2,28,24.7,12.2,35.3,1
2384,0,0,0,0,26.9,29.7,24.9,11.2,28.8,0
2385,6.2,6.2,6.2,6.2,27.2,31.7,23.6,10.4,40.3,1
2386,0.2,0.2,0.2,0.2,28.1,31.8,26.1,14,40.3,1
2387,41.2,15.4,24.4,36.4,27.1,32.6,24.8,9.4,42.5,1
2388,0,0,0,0,28.3,32.2,25.6,11.9,34.9,0
2389,0,0,0,0,28,31.4,26.1,16.2,52.2,0
2390,0,0,0,0,27.6,30.9,25.3,14.8,50.4,0
2391,0,0,0,0,27.3,30.8,24.6,10.4,45.7,0
2392,69,15.2,27.8,41.6,24.7,26.7,23.5,7.2,32.8,1
2393,1.4,1.2,1.2,1.4,26.1,28.4,24.2,10.4,38.2,1
2394,0,0,0,0,27.1,31.5,24.6,12.6,42.5,0
2395,0,0,0,0,27.5,31.3,24.9,13,38.5,0
2396,0,0,0,0,27.4,30.7,25.2,12.6,36.7,0
2397,13.4,8.2,8.4,9.6,25.7,29.1,24,11.2,34.9,1
2398,0.2,0.2,0.2,0.2,27.3,31,24.8,18,58,1
2399,0,0,0,0,27.6,31.1,25.1,15.1,43.2,0
2400,0,0,0,0,27.8,31.9,25.1,13.7,43.2,0
2401,0,0,0,0,27.9,31.4,25.7,15.8,46.8,0
2402,0.2,0.2,0.2,0.2,28.1,31.4,26.1,16.9,47.2,1
2403,0,0,0,0,27.9,31.8,25.7,16.2,44.3,0
2404,0,0,0,0,27.8,31.1,25.5,17.3,48.6,0
2405,0,0,0,0,27.8,32,25.6,16.2,52.9,0
2406,0.6,0.4,0.4,0.4,27.6,30.7,25.8,13.3,37.1,1
2407,0,0,0,0,28.1,32.3,25.8,12.2,39.2,0
2408,0,0,0,0,28.6,33,26.5,14,38.5,0
2409,9.4,7,8.4,9.2,27.8,31.6,26,12.6,37.1,1
2410,8.2,3.6,4.2,4.6,27.5,31.7,25.4,8.6,31.3,1
2411,0,0,0,0,28.9,33.2,26.3,11.2,31,0
2412,4,1.6,2.2,2.4,28,34.1,26.3,7.6,26.6,1
2413,0,0,0,0,28.8,33.8,26.2,12.2,37.4,0
2414,0,0,0,0,28.5,32.2,25.7,12.2,34.6,0
2415,2.2,1,1.2,1.8,28.2,32.9,25.2,10.4,35.6,1
2416,0.4,0.4,0.4,0.4,28.6,33.9,26.3,9.4,36.4,1
2417,0,0,0,0,28.6,32.6,26.2,10.8,34.9,0
2418,0,0,0,0,28.4,34,25.1,8.6,26.6,0
2419,0,0,0,0,28.6,34.4,25.5,11.5,31.7,0
2420,0,0,0,0,28.7,33.9,25.9,10.4,32.4,0
2421,0,0,0,0,28.6,33.7,25.6,11.9,33.1,0
2422,0.4,0.4,0.4,0.4,28.5,32.5,26.2,9.4,27,1
2423,16,6.4,9.6,16,28.4,35,24.3,8.6,39.2,1
2424,0.2,0.2,0.2,0.2,28.2,31.6,26.8,8.6,41.8,1
2425,0,0,0,0,28.8,33.5,26,9,31.3,0
2426,0,0,0,0,29,33,26.7,11.9,32.4,0
2427,13.4,8.2,13,13.4,28,34.5,24.3,7.9,40.7,1
2428,0,0,0,0,28.4,31.5,26,13.3,40.7,0
2429,0,0,0,0,28.7,32.4,26.7,14,44.3,0
2430,0,0,0,0,28.9,32.5,26.6,16.6,44.3,0
2431,0,0,0,0,28.7,32.5,26.3,13.7,42.5,0
2432,0,0,0,0,28.6,32.9,26,14.4,37.8,0
2433,0,0,0,0,28.7,32.6,26.1,13.3,33.8,0
2434,0,0,0,0,29.1,33.9,26.4,13.3,38.5,0
2435,0,0,0,0,29.2,33.9,26.1,13,41.4,0
2436,5.2,3.8,4.4,5.2,28.4,33.2,25.2,9,28.1,1
2437,0.2,0.2,0.2,0.2,29.1,33,26.8,11.2,36.4,1
2438,0,0,0,0,28.7,32,26.7,10.4,33.8,0
2439,0,0,0,0,29.2,34,26.2,10.1,32.4,0
2440,0,0,0,0,29.1,34.7,25.6,8.6,30.6,0
2441,0,0,0,0,29.5,35.3,26.5,9.7,28.8,0
2442,14,8.2,9.6,13.8,27.9,32.9,25.3,7.2,33.1,1
2443,0,0,0,0,29.1,35.2,25.2,9.7,31.3,0
2444,0,0,0,0,29.6,33.6,27.2,7.6,31,0
2445,0.6,0.4,0.4,0.4,29.7,34,27,8.3,36,1
2446,0,0,0,0,29.7,34.3,25.9,8.3,42.1,0
2447,0,0,0,0,29.8,33.1,27.7,6.1,24.1,0
2448,2.4,1.2,2,2.2,29.1,32.2,26.3,5.8,23.8,1
2449,28,25,27.6,28,29.4,36.3,25.8,6.5,32.8,1
2450,11,10.6,11,11,29.3,34.7,25.2,8.3,43.6,1
2451,0.2,0.2,0.2,0.2,29.8,35.1,26.2,7.9,26.3,1
2452,0,0,0,0,30.2,33.8,27.2,13,36,0
2453,0,0,0,0,29.4,34.2,27.4,8.3,31.3,0
2454,0,0,0,0,29.9,33.8,27,11.9,33.5,0
2455,0,0,0,0,29.2,33.7,27.4,8.3,31.7,0
2456,1,1,1,1,28.7,32.1,27.3,7.2,33.8,1
2457,1.4,1.2,1.2,1.4,29.2,33,26.7,5,23.8,1
2458,16.4,8.6,13.4,16.4,28.5,33.2,24,5.4,33.8,1
2459,2.6,2.4,2.6,2.6,28.6,33.4,26.6,5,33.8,1
2460,3.6,2.6,3,3.4,28.3,34.3,26.3,5.4,32.4,1
2461,19.6,14,18.8,19.6,28.2,33.4,25.5,6.1,31.3,1
2462,9,7.6,8.8,8.8,28,34.4,25.2,5.4,28.1,1
2463,1.2,1,1.2,1.2,27.9,35.5,25.2,5.8,40.3,1
2464,1.4,1,1,1.4,29.2,33.7,25.6,6.8,27.4,1
2465,7.4,7.2,7.2,7.2,28.3,32.8,26,6.1,33.1,1
2466,0,0,0,0,29.7,34.9,25.5,6.8,28.8,0
2467,0,0,0,0,30.3,34.6,26.9,10.1,29.5,0
2468,15.8,14.4,14.4,15.8,28.9,34,25,6.5,43.2,1
2469,0,0,0,0,28.9,35.5,26.6,6.1,41,0
2470,4.2,3.4,3.4,4.2,28.4,34.3,25.8,5.4,37.8,1
2471,0,0,0,0,28.8,33.5,26,5.4,22.7,0
2472,0,0,0,0,29.1,33.7,26,6.5,50.8,0
2473,0,0,0,0,29.6,34.2,26.7,7.6,29.5,0
2474,29.2,21.6,25,29.2,28.6,34.6,24.5,5.8,50.8,1
2475,0.2,0.2,0.2,0.2,28.3,33,26.6,5.4,25.6,1
2476,3.2,2.8,3,3.2,28,31.1,25.3,5.8,35.3,1
2477,16.2,11.2,14.4,16.2,27.3,32.8,24.6,5,25.6,1
2478,6.6,5.2,5.2,6.4,28.1,34.4,26,5.8,25.9,1
2479,2.4,1.6,1.6,2.4,28,32.5,25.5,7.2,39.6,1
2480,3.2,3,3.2,3.2,28.6,34.5,26.6,5.4,32,1
2481,51,27,30.2,31.6,27.2,31.2,24.8,6.5,34.9,1
2482,2.8,2.6,2.8,2.8,28,32.5,25.5,5.8,22,1
2483,0.2,0.2,0.2,0.2,29.2,32.7,26.8,5.4,21.2,1
2484,0.2,0.2,0.2,0.2,28.2,30.7,25,10.1,40,1
2485,18.6,12.6,14.6,17.2,28.2,33.7,24.6,8.3,58,1
2486,0,0,0,0,29.8,35.5,25.5,5.8,28.8,0
2487,2.2,2.2,2.2,2.2,29.6,32.4,26.3,6.8,39.6,1
2488,20,16.4,19.8,20,29.8,35,25.1,6.1,33.1,1
2489,2.4,2.2,2.2,2.2,28.6,31.8,26.2,6.8,32.8,1
2490,0,0,0,0,30,33.1,27.9,6.5,30.6,0
2491,23.6,18.2,20.2,20.8,28.6,32.5,23.7,5.8,48.2,1
2492,0,0,0,0,29.8,33.9,26.8,6.1,22,0
2493,0.2,0.2,0.2,0.2,28.4,33.2,25.5,7.2,47.2,1
2494,0,0,0,0,28.9,33.5,25.5,7.2,31.3,0
2495,20.2,12.6,14.4,16.8,27.2,31.3,23.8,6.8,41.8,1
2496,23.4,18.6,23,23.2,27.4,30.8,22.1,7.9,58,1
2497,13.8,6.2,11.6,13.8,27.2,30.3,24.6,9,28.8,1
2498,0.8,0.6,0.8,0.8,27.7,30.4,25.8,6.5,24.8,1
2499,2.4,0.8,1,1.6,26.7,28,25.5,7.2,29.2,1
2500,1,0.8,1,1,28.1,31.7,25,8.6,28.1,1
2501,1.4,0.6,1.2,1.4,26.8,29,25.5,6.5,30.6,1
2502,0,0,0,0,28.9,34,25.2,6.1,21.6,0
2503,1.4,1.2,1.4,1.4,28.3,31.5,24.5,7.6,31,1
2504,2.8,2,2.8,2.8,27.5,31.7,24.9,7.2,32.8,1
2505,8.8,7.4,8.6,8.6,26.2,30.9,24.6,5,40.7,1
2506,10.8,7.6,10.6,10.6,26.9,32.9,24.4,5.8,33.5,1
2507,4.6,4.2,4.6,4.6,27.2,32,25.2,6.5,33.5,1
2508,32.2,12.8,18.4,24.6,25,26.5,23.3,6.8,41.8,1
2509,1.4,1.4,1.4,1.4,27,32,24.2,7.6,37.1,1
2510,0.4,0.4,0.4,0.4,26.8,29.9,23.9,6.5,49.7,1
2511,0.2,0.2,0.2,0.2,0,32.9,25.2,6.1,22.7,1
2512,15.4,6.2,8.6,9,26.9,33.3,24.3,5.8,32,1
2513,0.4,0.2,0.2,0.2,27.6,31.6,25.3,5.4,21.6,1
2514,0,0,0,0,0,31.9,25.7,5.8,26.3,0
2515,1.6,1.6,1.6,1.6,27.8,30.6,25.5,9,31.3,1
2516,1,1,1,1,27.6,29.1,25.3,5,29.9,1
2517,6.2,4.4,5.4,6,0,31.2,24.5,6.1,33.1,1
2518,0,0,0,0,27.4,32.7,25.3,7.2,34.9,0
2519,8.6,4.4,6.6,8.2,27.5,33.6,24.8,6.1,36.4,1
2520,1.4,0.6,1,1.2,27.2,31.2,25.5,5.4,28.4,1
2521,0.2,0.2,0.2,0.2,27.1,29.7,24.6,9.7,32.4,1
2522,0,0,0,0,27.3,29.6,25.7,9.7,33.5,0
2523,0.2,0.2,0.2,0.2,26,27.7,24.6,9,32.4,1
2524,0,0,0,0,27.7,30.9,24.6,10.8,35.3,0
2525,13.2,3.4,4.8,7.2,25.4,27.3,24.4,7.9,24.5,1
2526,0.8,0.6,0.6,0.8,27,31.3,24.3,8.6,32,1
2527,0,0,0,0,0,29.9,25.8,5.4,21.2,0
2528,0,0,0,0,29.2,34.1,25.7,6.8,25.9,0
2529,10.2,7.8,8.4,10.2,28.7,33.7,23.3,8.6,27.7,1
2530,0.2,0.2,0.2,0.2,28.4,34.2,23.6,6.8,33.8,1
2531,1.4,1.4,1.4,1.4,28.1,32.7,26.3,9,28.8,1
2532,1.4,1.4,1.4,1.4,28.3,32,25.8,8.3,27.7,1
2533,6.4,3.4,5.8,6.2,26.8,30.5,25.2,7.2,38.9,1
2534,10.6,10.2,10.4,10.4,27.2,29.8,24.3,7.9,32.8,1
2535,2.6,1.4,1.4,1.4,25.5,29,23.6,9.4,44.6,1
2536,0,0,0,0,27.9,30.9,25.1,12.6,40.7,0
2537,1.2,1.2,1.2,1.2,27.6,31.4,24.3,9,37.4,1
2538,0.2,0.2,0.2,0.2,27.9,32.3,25.2,7.6,33.8,1
2539,0,0,0,0,28.5,31.9,26.1,8.3,33.5,0
2540,0,0,0,0,28.6,32.8,26.1,8.6,29.5,0
2541,1.8,1.6,1.6,1.6,26.8,31.8,24.6,9,36.7,1
2542,15.4,12.4,14.4,15.2,26.6,31,22.8,7.9,37.4,1
2543,0.8,0.4,0.6,0.6,27.5,31.7,25,10.8,36.7,1
2544,0,0,0,0,28,31.8,25.2,14.8,46.1,0
2545,3.4,3.2,3.2,3.2,28.1,31.8,25.6,10.4,38.2,1
2546,15.6,6.4,11.6,14.2,26.6,32.3,23.7,6.5,34.2,1
2547,50,29.4,47,49.8,26.9,31.5,22.8,7.2,30.6,1
2548,16.8,11.6,13.2,14.4,26.3,32.5,23.7,9,37.8,1
2549,28.8,20.4,25,27.2,26.4,31.9,23,10.1,39.6,1
2550,0,0,0,0,26.3,30,23.9,10.1,28.4,0
2551,1,0.8,0.8,1,25.7,29,24,10.1,41.8,1
2552,3.6,0.8,1.4,1.6,25.2,27.6,23.2,11.5,40,1
2553,0,0,0,0,27.2,30.6,25.1,9.7,34.2,0
2554,0.6,0.6,0.6,0.6,26.8,32,24.9,12.2,46.8,1
2555,0,0,0,0,26.5,29.6,24.5,7.9,40.7,0
2556,0,0,0,0,0,30.6,24.7,10.1,30.2,0
2557,0.2,0.2,0.2,0.2,27.3,31.1,25.3,6.5,24.1,1
2558,25.6,15.8,20.8,20.8,27.4,33.1,23.4,9.7,43.6,1
2559,14.4,10.6,11.4,14.4,26.8,32,23.7,8.6,44.3,1
2560,0,0,0,0,27.3,32.6,24.9,9.7,27.4,0
2561,0,0,0,0,27.6,33.4,25.1,9.4,33.1,0
2562,22.2,10,11.6,15.2,26,30.5,23.2,8.3,33.1,1
2563,18.4,14.8,16,16.4,26.6,32,24.1,7.2,31.3,1
2564,0,0,0,0,0,30.9,25.3,9,28.1,0
2565,0,0,0,0,27.4,31.4,25,14.8,38.9,0
2566,0.6,0.4,0.4,0.6,0,30.7,25,17.3,49,1
2567,2.4,1.4,1.4,1.4,26.1,29.2,24.3,16.2,59.4,1
2568,1.4,0.8,0.8,0.8,26,29,23.8,14.8,57.2,1
2569,2,1,1,1.2,26.1,29.2,23.3,18.7,56.2,1
2570,5.4,2.6,2.6,2.6,25.1,28.7,22.6,14.8,44.6,1
2571,0,0,0,0,26.2,29.4,24.2,15.1,44.3,0
2572,0,0,0,0,26.8,30.5,24.4,14,42.1,0
2573,0,0,0,0,26.7,30.6,24.6,15.5,40.7,0
2574,0.8,0.8,0.8,0.8,27.2,30.6,25,13.7,39.6,1
2575,0,0,0,0,27.3,31.2,25.1,13,41,0
2576,7.4,4.4,4.4,7.4,26.7,31.5,24.8,8.6,28.1,1
2577,0,0,0,0,0,31.2,25.3,10.1,38.9,0
2578,20.8,15.8,19,20.8,26.6,32.4,23.6,7.2,32,1
2579,19.8,8.8,13.2,14.2,24.7,27.4,23.6,6.8,37.4,1
2580,0,0,0,0,26.6,31.5,23.6,8.3,37.1,0
2581,0,0,0,0,27.5,31.4,25.2,10.8,38.5,0
2582,0,0,0,0,27.2,30.2,25.3,14.4,50,0
2583,12.4,9.2,9.2,9.2,0,29.1,24.2,11.9,54.4,1
2584,29.6,10.2,11.2,11.2,24.8,27.4,23.3,9.4,38.2,1
2585,0.2,0.2,0.2,0.2,0,29.9,24.4,13.7,46.1,1
2586,6.8,2.2,3,4,25.7,27.9,23.7,11.5,47.2,1
2587,29.6,14.6,14.6,14.6,25.3,28.1,23.5,7.6,31.3,1
2588,0.8,0.8,0.8,0.8,26.8,30.6,24.3,9.7,30.2,1
2589,4,3.6,3.6,3.6,26.9,32.3,24.5,8.3,31.7,1
2590,10.4,8.2,10.4,10.4,27.1,32.7,24.7,7.2,28.1,1
2591,0.2,0.2,0.2,0.2,27.1,31,24.5,13.3,38.9,1
2592,0,0,0,0,27.1,31.4,24.5,14.8,36,0
2593,0,0,0,0,26.9,30.5,24.4,14.4,34.6,0
2594,0,0,0,0,27.2,31.8,24.8,11.5,47.5,0
2595,41.8,32.6,39.8,41.6,26.5,30.4,23.4,6.8,25.9,1
2596,0,0,0,0,28.2,34.4,25.2,7.6,26.3,0
2597,4.4,4.4,4.4,4.4,27,30.7,23.7,8.3,35.6,1
2598,0,0,0,0,29.2,34.8,25.5,6.8,26.6,0
2599,20.4,9.8,10.8,13,0,32.7,23.4,10.4,30.6,1
2600,2.2,2.2,2.2,2.2,26.7,32.6,24.2,6.8,36.7,1
2601,0,0,0,0,0,31.9,25.1,6.8,24.8,0
2602,24,23.2,24,24,27.8,34,23.9,6.5,40.3,1
2603,13,5,5,5.8,0,29.1,24.1,6.8,34.2,1
2604,0,0,0,0,28.1,34,25.1,8.3,34.2,0
2605,5.4,5,5.4,5.4,27.5,33.4,24.5,9,58.3,1
2606,0,0,0,0,28.6,33.5,25.7,10.8,34.2,0
2607,2.4,2.4,2.4,2.4,28.5,32.7,26.4,8.3,25.2,1
2608,46.4,21.2,33.6,40.8,27.1,32.9,23.8,7.6,41,1
2609,0,0,0,0,28.6,33.4,25.5,10.8,39.6,0
2610,0,0,0,0,28.6,31.7,26.1,10.1,31.7,0
2611,2.8,1.6,2.2,2.2,26.2,28.7,24.2,7.6,29.2,1
2612,9.2,9,9,9,26.5,31.6,25.1,4.7,26.6,1
2613,7.2,2.4,2.8,3.4,25.3,30.7,23.7,6.1,37.8,1
2614,0.6,0.6,0.6,0.6,27.2,33.2,24.9,4.7,21.6,1
2615,5.2,4,4.8,5.2,26.7,31.7,24.5,5.8,31.7,1
2616,0,0,0,0,27.4,31.6,25,8.3,32,0
2617,1.6,0.8,1,1,26.9,28.7,24.8,6.8,25.6,1
2618,11.2,9.6,11,11.2,28.2,31.9,23.3,8.6,39.6,1
2619,0,0,0,0,28.4,31.6,25.4,10.1,36,0
2620,3.2,3.2,3.2,3.2,28.6,32.5,26.8,7.6,27.7,1
2621,3.6,1.2,1.8,2.8,27.7,33,23.9,8.3,48.6,1
2622,9,7,7.4,8.2,26.8,28.9,24.4,6.1,36.7,1
2623,0,0,0,0,27.6,34.5,24.9,5.8,26.3,0
2624,0,0,0,0,28,32.4,25.3,6.1,25.9,0
2625,0,0,0,0,28.6,33.3,25.8,7.2,31.3,0
2626,0.2,0.2,0.2,0.2,28.5,31.8,25.5,5.4,22,1
2627,35.2,16.4,28.4,29.8,26.8,30.6,23.3,5.8,33.1,1
2628,0.8,0.6,0.6,0.6,26.9,31.6,24.5,6.5,27.4,1
2629,0.2,0.2,0.2,0.2,27.9,31.8,25.5,8.6,40,1
2630,0.2,0.2,0.2,0.2,28.1,34.5,25.3,6.1,28.8,1
2631,4.8,3.8,4.8,4.8,28.3,32.2,23.8,7.6,53.6,1
2632,39.8,15.4,24,34.6,26.7,32.5,24,6.8,30.2,1
2633,10.8,8.4,10.4,10.6,27.5,33.8,24.1,5,31.3,1
2634,2,2,2,2,27.7,32.5,25.4,5,33.8,1
2635,14.8,10.2,11.6,12.6,27.4,31.5,23.6,7.9,38.9,1
2636,0,0,0,0,27.9,30.2,25.3,6.5,26.6,0
2637,0,0,0,0,28.1,32,26,5.4,23.4,0
2638,15.8,9.6,11.8,14.8,26.7,32.3,24.5,5.8,28.1,1
2639,10.4,10,10.4,10.4,26.5,32,24.8,5,26.3,1
2640,41.6,32.6,41.2,41.4,27.1,30.7,24.3,6.1,27,1
2641,0,0,0,0,27.7,33,24.8,7.9,32,0
2642,0,0,0,0,0,0,0,0,0,0
2643,0,0,0,0,0,0,0,0,0,0
2644,27.6,25,27.6,27.6,28.5,33.8,25.7,5.8,35.3,1
2645,0,0,0,0,28.9,33.7,26,5,22.3,0
2646,0,0,0,0,0,0,0,0,0,0
2647,0,0,0,0,0,0,0,0,0,0
2648,0,0,0,0,28.7,32,26.7,5,23.8,0
2649,0,0,0,0,0,0,0,0,0,0
2650,0,0,0,0,0,0,0,0,0,0
2651,0.2,0.2,0.2,0.2,27.7,30.9,25.9,6.1,31,1
2652,0,0,0,0,28.4,31.7,25.6,6.8,24.1,0
2653,0,0,0,0,0,0,0,0,0,0
2654,0,0,0,0,0,0,0,0,0,0
2655,0,0,0,0,28.1,31.8,25.3,6.1,21.6,0
2656,0,0,0,0,28.6,31.5,26,6.5,36,0
2657,0,0,0,0,0,0,0,0,0,0
2658,4.8,4.6,4.8,4.8,0,0,0,7.6,25.2,1
2659,12.4,11.4,11.6,11.8,28.1,31.5,24.9,6.1,44.6,1
2660,1.8,1.8,1.8,1.8,28.9,32.8,27,5.8,33.8,1
2661,0,0,0,0,0,0,0,0,0,0
2662,0,0,0,0,0,0,0,7.9,40,0
2663,0.2,0.2,0.2,0.2,29.6,32.9,27.9,5.8,25.9,1
2664,0,0,0,0,29.9,34.1,28,5.4,28.4,0
2665,0,0,0,0,0,0,0,0,0,0
2666,0,0,0,0,0,0,0,0,0,0
2667,1.6,1.6,1.6,1.6,0,33.5,27.2,6.5,31.3,1
2668,29,12,14.6,23.8,26.4,29.2,23.3,6.5,46.1,1
2669,0,0,0,0,28.1,32.1,25.1,6.8,32.8,0
2670,0,0,0,0,0,0,0,0,0,0
2671,1.2,0.6,0.6,1,27.5,32.9,25.5,5.8,43.9,1
2672,0,0,0,0,28.9,31.8,26,5.8,20.9,0
2673,2.6,2.2,2.6,2.6,0,0,0,6.5,32.8,1
2674,12,5.2,5.6,10.6,26.6,30.2,23.2,6.5,44.6,1
2675,42,33.2,36.4,38,28.1,34.7,23,6.8,53.3,1
2676,6.2,1.8,2.6,4.8,0,0,0,6.1,20.5,1
2677,0,0,0,0,29.3,33,27.2,5.4,18.4,0
2678,0,0,0,0,30.1,34.3,27.6,6.1,26.3,0
2679,0,0,0,0,30.4,34.1,28,6.8,26.3,0
2680,0,0,0,0,0,0,0,6.1,23,0
2681,0,0,0,0,29.9,32.9,28.3,6.5,25.6,0
2682,0.4,0.4,0.4,0.4,29.8,34.4,26.8,6.5,24.1,1
2683,5.2,5,5,5,29.1,33.6,27,8.6,29.2,1
2684,0,0,0,0,0,0,0,6.5,23,0
2685,11.4,6.4,6.4,6.4,28.4,33.8,24.8,6.1,30.2,1
2686,0,0,0,0,28.2,32.5,24.8,6.1,26.6,0
2687,0,0,0,0,0,0,0,6.1,19.8,0
2688,0,0,0,0,29,33.3,25.7,7.6,34.2,0
2689,0.2,0.2,0.2,0.2,27.4,32.3,24.8,7.2,41,1
2690,0,0,0,0,0,0,0,5.8,13.3,0
2691,0,0,0,0,0,0,0,6.8,27.4,0
2692,0,0,0,0,29,34.2,25.7,6.1,23,0
2693,24,15.4,19.8,20.4,26.8,29.9,23,7.6,54,1
2694,0,0,0,0,0,0,0,6.5,27,0
2695,0,0,0,0,29.1,32.8,25.8,6.1,28.4,0
2696,0,0,0,0,28.5,32.1,27.1,5.4,22.3,0
2697,0,0,0,0,0,0,0,4.3,11.5,0
2698,1.2,0.8,1,1,0,0,0,9.7,67.3,1
2699,0,0,0,0,28.8,32.3,26,6.1,22.3,0
2700,7.6,5.2,6.8,7.6,27.4,30.2,24,4.7,41.8,1
2701,0,0,0,0,0,0,0,0,0,0
2702,0,0,0,0,0,0,0,0,0,0
2703,14.8,12.4,13.8,13.8,27,32.9,24.2,5.4,35.3,1
2704,0,0,0,0,0,0,0,0,0,0
2705,0,0,0,0,0,0,0,6.1,20.9,0
2706,0,0,0,0,29.3,32.6,26.9,6.5,28.8,0
2707,0,0,0,0,0,0,0,0,0,0
2708,0,0,0,0,0,0,0,0,0,0
2709,0,0,0,0,28.7,32.2,25.8,6.1,27.4,0
2710,0,0,0,0,0,0,0,0,0,0
2711,0,0,0,0,0,0,0,7.6,32,0
2712,0,0,0,0,28.9,31.9,26.6,6.8,29.5,0
2713,3.4,2.2,2.2,3.4,28.3,31.5,24.8,6.8,33.1,1
2714,0,0,0,0,0,0,0,0,0,0
2715,0.6,0.6,0.6,0.6,0,0,0,6.1,27,1
2716,0.6,0.4,0.4,0.6,27.7,29.9,25.7,8.3,32,1
2717,6.8,2.4,4,5.8,26.1,28.1,23.2,7.2,47.5,1
2718,6,3.2,3.4,5.6,27.5,31.4,24.7,5.8,28.8,1
2719,35,19.6,30.4,33.6,26.1,28.3,22.9,5,54.4,1
2720,0.2,0.2,0.2,0.2,27.4,31.7,24.4,6.5,28.4,1
2721,0,0,0,0,28.5,32.4,26.3,9,40.3,0
2722,0,0,0,0,28.8,32.1,26.4,7.6,36,0
2723,0,0,0,0,28.7,31.3,27,6.8,28.4,0
2724,0,0,0,0,28.9,32.2,26.5,6.1,21.6,0
2725,0.4,0.4,0.4,0.4,28.5,31.6,26.9,6.1,25.2,1
2726,0,0,0,0,29.5,33.1,27.2,7.2,25.9,0
2727,0,0,0,0,29.8,33.8,27.5,7.6,24.1,0
2728,0,0,0,0,0,0,0,7.6,27.4,0
2729,0,0,0,0,0,0,0,0,0,0
2730,0,0,0,0,0,0,0,0,0,0
2731,0,0,0,0,0,0,0,0,0,0
2732,0,0,0,0,0,0,0,0,0,0
2733,0,0,0,0,0,0,0,0,0,0
2734,0,0,0,0,0,0,0,0,0,0
2735,0,0,0,0,0,0,0,0,0,0
2736,0,0,0,0,0,0,0,0,0,0
2737,0,0,0,0,29.5,33,25.2,7.2,56.9,0
2738,0,0,0,0,29.5,32.4,28,9,33.8,0
2739,0,0,0,0,29.2,32.3,27,8.3,37.8,0
2740,0,0,0,0,29.4,33.1,27.1,7.9,29.2,0
2741,0,0,0,0,29.5,33,27.4,8.6,31.3,0
2742,0,0,0,0,28.8,33.7,25.7,7.6,33.5,0
2743,0,0,0,0,28.4,31.1,25.7,6.8,29.9,0
2744,0,0,0,0,27.2,29.8,24.1,7.2,34.9,0
2745,0,0,0,0,27.2,30.9,24.7,6.8,28.4,0
2746,0,0,0,0,28.7,32.2,25.5,6.1,33.1,0
2747,30.8,17,23,25.4,26.6,29.3,23.3,5,33.5,1
2748,5,3.4,3.6,4.6,26.3,28.9,24.3,6.5,29.5,1
2749,0,0,0,0,26.9,28.7,25,7.2,23.8,0
2750,0,0,0,0,28.2,32,25.5,6.1,27.4,0
2751,11.2,6.4,10.2,11.2,26.2,27.5,23,6.5,33.5,1
2752,0,0,0,0,28.2,32.6,25.5,5.4,24.1,0
2753,66.2,45.4,57.4,61.6,26.9,31.4,23,8.3,38.2,1
2754,3.8,3.6,3.6,3.6,27.2,31.2,24.4,7.2,35.6,1
2755,0,0,0,0,28.3,32.8,26.3,8.3,42.8,0
2756,0,0,0,0,29.2,32.6,26.9,7.6,29.5,0
2757,14.6,11.8,14.4,14.6,28.1,32.8,25.2,6.8,32.4,1
2758,0,0,0,0,27.3,29.4,25,6.8,29.9,0
2759,0,0,0,0,29,32.5,26,6.5,29.5,0
2760,0,0,0,0,28.6,32,26,6.5,36.4,0
2761,0,0,0,0,28.1,31.5,25.5,6.8,29.5,0
2762,0,0,0,0,28.6,32,26.2,6.1,27.4,0
2763,0,0,0,0,27.5,31.5,25,6.8,32.8,0
2764,0,0,0,0,28,31.8,26.1,5.8,24.8,0
2765,0.2,0.2,0.2,0.2,26.7,29.4,25,5.8,22.3,1
2766,0.4,0.2,0.2,0.2,27.3,32.5,25.3,6.5,34.9,1
2767,0.4,0.4,0.4,0.4,28.6,32.8,25.2,7.9,29.5,1
2768,1.2,1.2,1.2,1.2,29.4,33.1,27.2,8.3,32,1
2769,0,0,0,0,28.8,34.3,25.8,9,31.3,0
2770,0,0,0,0,29.2,32.1,27.4,11.2,36.7,0
2771,0,0,0,0,28.9,32.7,25.5,6.1,31.7,0
2772,0.8,0.4,0.4,0.4,28.7,32.2,26.1,7.6,33.5,1
2773,9.8,7,9.4,9.6,26.8,29.6,24,5.4,28.4,1
2774,0,0,0,0,28.4,32.5,25.5,5.8,25.2,0
2775,37.4,21.8,29.8,37.4,27.2,32.4,23.5,6.5,49.7,1
2776,0.2,0.2,0.2,0.2,28,32,26,4.3,35.6,1
2777,1.4,0.6,0.6,0.6,27.2,31.1,25.2,5.8,47.5,1
2778,16.4,14,14.8,15.2,26.2,29.9,23,6.1,34.2,1
2779,0,0,0,0,28.8,33.8,25.2,6.1,25.6,0
2780,0,0,0,0,29.3,33.6,25.5,6.8,26.6,0
2781,7.4,3.8,3.8,3.8,27.9,31.2,25.7,5,33.8,1
2782,4.4,1.4,1.8,2.4,26.8,28.7,25.1,5,31,1
2783,0.6,0.4,0.6,0.6,27,30.1,24.3,7.9,33.8,1
2784,1.6,1,1.2,1.2,28.7,33.6,26.7,7.9,40.7,1
2785,21.2,17.8,19,20,26.3,31.7,22.1,5.4,60.8,1
2786,14.2,9.6,10.4,11.2,26.1,30.2,24,5.8,28.4,1
2787,5.6,3.8,3.8,3.8,26.8,30,23.9,8.3,46.1,1
2788,7.6,3.4,4.4,6,26.8,30.7,23.5,6.1,39.6,1
2789,3.8,3.8,3.8,3.8,28.4,31.8,24.8,5.8,32,1
2790,1,0.6,1,1,28.8,32.9,25.3,5.8,28.4,1
2791,0.2,0.2,0.2,0.2,28.7,32.6,24.9,5.8,36.7,1
2792,3.2,2.8,3.2,3.2,28.3,32.7,24.1,6.5,49.3,1
2793,7.4,6.2,7.2,7.2,26.8,32.6,23.7,5.8,47.5,1
2794,0,0,0,0,27.4,30.6,24.4,6.1,34.2,0
2795,0.4,0.2,0.4,0.4,28,31.2,25.3,5,28.1,1
2796,14.4,8,12.2,14.2,26.9,29.7,23,6.5,51.8,1
2797,0,0,0,0,27.5,30.7,25.5,9,33.8,0
2798,11.2,7,7.6,8.4,26.6,30,25.3,6.1,29.5,1
2799,0,0,0,0,27.5,31.4,24.8,6.8,32.4,0
2800,0.2,0.2,0.2,0.2,27.2,32.1,25.6,6.1,29.9,1
2801,8.8,4.6,7.4,7.8,25.6,27.6,22.9,5.8,38.5,1
2802,2.4,2,2.2,2.2,26.8,30.8,24.3,5,25.6,1
2803,23.2,18.2,18.4,23.2,27.2,32.8,24.5,5.4,29.9,1
2804,11.4,5.4,8.4,11.4,27.3,33.2,24.1,6.5,42.8,1
2805,5.2,4.4,4.8,5,27.1,32,24.6,6.1,31.3,1
2806,4,3.4,3.8,4,27.9,32.1,24,8.3,33.1,1
2807,1.4,0.4,0.6,0.6,28,32.3,24,6.8,28.1,1
2808,10.4,8.6,9.6,10.2,28.3,32.1,23.7,8.3,41.4,1
2809,1.2,0.6,0.6,0.6,27.2,29.4,24.7,5.8,29.9,1
2810,1.8,1,1.2,1.6,27,30.6,24.4,7.6,35.6,1
2811,0,0,0,0,29.2,33.3,26.4,7.2,25.2,0
2812,0,0,0,0,29.6,33.5,26.9,7.2,29.9,0
2813,2.2,2.2,2.2,2.2,28.8,32.3,24,7.2,45.4,1
2814,0,0,0,0,30.3,34.1,27.6,6.1,28.8,0
2815,0,0,0,0,30.3,34.8,26.8,8.3,29.2,0
2816,0,0,0,0,29.6,33.3,27,7.6,29.2,0
2817,0,0,0,0,29.5,33.8,26.2,7.2,26.3,0
2818,0,0,0,0,29.7,33.8,26.9,7.6,31.7,0
2819,0,0,0,0,29.1,32,27,7.2,28.4,0
2820,0,0,0,0,28.3,31.2,26.7,6.1,24.5,0
2821,1.8,1.6,1.6,1.6,27.4,31.4,25.9,6.1,22.3,1
2822,6.2,5.8,6,6.2,27.7,35.3,25.3,6.8,34.9,1
2823,0.2,0.2,0.2,0.2,27.7,32.9,25.8,6.1,23,1
2824,0,0,0,0,27.6,31.3,25.6,6.1,23.8,0
2825,0,0,0,0,28.4,33.4,25.5,9,34.2,0
2826,14.6,13.4,14.2,14.4,26.4,32,24.3,6.5,39.2,1
2827,5.2,2.2,2.2,3.2,26.5,29.1,24.7,6.1,23.8,1
2828,3.4,2.4,2.8,3.2,26.1,28.2,23.2,6.1,53.3,1
2829,0,0,0,0,27.4,31.9,25.3,6.1,28.1,0
2830,0,0,0,0,27.5,30.4,25.3,6.5,31,0
2831,22.8,17.4,20.8,21.2,27.6,32.1,23.7,7.6,38.9,1
2832,7.6,1.4,2.4,4,27.1,32.8,23.9,6.5,44.6,1
2833,16.6,12.6,15.4,15.4,27.9,32.5,24.6,5.8,20.9,1
2834,54.8,18,23.4,28.8,26.2,30.1,22.7,6.1,24.1,1
2835,4,2.2,2.8,3.8,26.6,30.8,24.8,6.1,23.8,1
2836,2.8,2.4,2.6,2.8,26.7,30.3,23.9,10.4,33.5,1
2837,62.2,26.2,29.4,43.8,26.4,31.8,23.2,7.2,29.2,1
2838,56.8,40.8,47.4,53.4,26,31.4,23.4,5.8,31.7,1
2839,20.4,9,13.2,18.2,25.7,29.7,24.4,4.7,38.2,1
2840,0.8,0.6,0.6,0.6,27.2,30.3,25.1,7.6,34.9,1
2841,12,9.4,11.2,11.8,27.4,33.8,25,6.1,42.8,1
2842,55.2,27.8,38.8,48.4,25.9,27.1,23.3,6.5,29.2,1
2843,0,0,0,0,26.9,31.6,24.8,6.8,29.5,0
2844,16.2,14.4,16.2,16.2,27.8,33,25,6.5,31.3,1
2845,0.2,0.2,0.2,0.2,27.5,31.7,24.2,6.5,44.3,1
2846,58,47.8,55.6,56.4,27.6,34.5,23.2,5,40.3,1
2847,0,0,0,0,28.2,31.7,26.1,7.2,28.4,0
